Specialist,Available Doctors
Acupuncture,9
Aesthetic Physician,30
Allergy Specialist,6
Andrologist,11
Anesthetist,53
Audiologist,40
Bariatric / Weight Loss Surgeon,11
Breast Surgeon,3
Cancer Specialist / Oncologist,143
Cancer Surgeon,13
Cardiac Surgeon,103
Cardiologist,651
Cardiothoracic Anesthetist,1
Chest Respiratory Specialist,38
Chest Surgeon,9
Child Psychologist,0
Chiropractor,20
Clinical Dietician,87
Clinical Nutritionist,235
Clinical Psychologist,8
Cosmetic Dentist,4
Cosmetic Surgeon,95
Cosmetologist,1
Counselor,97
Dentist,1948
Dermatologist,819
Diabetologist,93
Endocrinologist,141
Endourologist,11
Ent Specialist,263
Ent Surgeon,206
Eye Specialist,257
Eye Surgeon,223
Family Medicine,277
Fitness Trainer,5
Gastroenterologist,405
General Physician,2491
General Practitioner,1843
General Surgeon,980
Geneticist,3
Gynecologic Oncologist,1
Gynecologist,1685
Haemoncologist,7
Hematologist,49
Hepatologist,6
Hijama Specialist,20
Homeopath,418
Immunologist,2
Infectious Diseases,18
Internal Medicine Specialist,601
Interventional Cardiologist,58
Interventional Radiologist,6
Kidney Transplant Specialist,1
Laparoscopic Surgeon,47
Liver Specialist,24
Liver Transplant Surgeon,7
Lung Surgeon,9
Maternal Fetal Medicine Specialist,5
Medical Specialist,118
Neonatologist,20
Nephrologist,226
Neuro Psychiatrist,11
Neuro Surgeon,256
Neurologist,217
Nutritionist,788
Occupational Therapist,25
Optometrist,58
Oral And Maxillofacial Surgeon,82
Orthodontist,33
Orthopedic Surgeon,682
Orthotist And Prosthetist,14
Paediatric Radiologist,0
Pain Specialist,29
Pathologist,69
Pediatric Cardiac Surgeon,10
Pediatric Cardiologist,20
Pediatric Endocrinologist,4
Pediatric Gastroenterologist,9
Pediatric Nephrologist,10
Pediatric Neuro Physician,12
Pediatric Oncologist And Hematologist,10
Pediatric Orthopedic Surgeon,5
Pediatric Surgeon,132
Pediatric Urologist,4
Pediatrician,1160
Pharmacist,26
Physiotherapist,1616
Plastic Surgeon,130
Psychiatrist,404
Psychologist,1898
Pulmonologist / Lung Specialist,294
Radiation Oncologist,6
Radiologist,295
Regenerative Medicine Specialist,1
Rehabilitation Medicine,9
Restorative Dentist,8
Rheumatologist,59
Sexologist,46
Sonologist,20
Speech Therapist,113
Spinal Surgeon,2
Spine Specialist,1
Thoracic Surgeon,1
Urological Oncologist,1
Urologist,360
Vaccine Specialist,1
Vascular Surgeon,16
